1,Mayme Fox,12/1/1960,Female,cepsam@ruv.fj,Dofi Trail,Efuweda,DE,34306
2,Cornelia Dawson,7/3/1992,Female,top@ocucet.hk,Ufowir Extension,Oluraho,WV,71213
3,Warren Peterson,9/18/1970,Male,cu@guaj.mn,Fuzhaj Park,Wamekfa,CA,64602
4,Donald Chavez,9/27/1994,Male,piwdacjej@nen.sk,Vomeb Pike,Nevegakof,ID,41495
5,Wayne Hicks,7/2/1988,Male,sanuke@cisrezwo.kg,Ibomi Junction,Tozmoos,GA,80001
6,Trevor Bridges,2/4/1961,Female,nir@zuputo.jp,Kelu Turnpike,Secjevvul,MN,33894
7,Gavin Green,3/10/2005,Male,ire@dap.ml,Kesrub Circle,Fozuwanug,CA,68417
8,Troy Daniels,6/27/1958,Male,fopapgen@pawfo.gm,Hozice Trail,Kobufub,WY,94705
9,Manuel Zimmerman,12/3/1985,Male,enojaneme@negdutnow.bd,Kehes Mill,Vagdosef,WY,47184
10,Marian Campbell,1/10/1998,Female,voppito@imiujoli.br,Vaip Point,Pohpivzac,SD,29539
11,Lura Blair,10/1/1989,Male,imo@tacdig.np,Sela Lane,Cefmahe,AL,42797
12,Theodore Robinson,9/2/1991,Female,ednefwag@guf.rs,Wozeh Manor,Vepgoju,KY,48282
13,Gussie Craig,3/31/1972,Female,akerew@lili.cx,Takco Grove,Kihigog,MN,20784
14,Keith Burton,2/23/1989,Female,ow@kadicaz.gs,Cugnij Circle,Jonizow,CT,11658
15,Herman Roy,5/6/1985,Female,ih@pelok.fo,Pita Road,Etiamibar,GA,13948
16,Curtis Garner,8/3/1977,Male,kirsoc@van.ga,Mizu Circle,Wehiko,NV,67257
17,Steve Adams,7/27/1999,Male,mapik@wotopapu.pr,Gura Circle,Fanadul,RI,59334
18,Mike Sandoval,4/21/1994,Female,to@ehfi.eh,Fubik Lane,Uwezejda,TN,52865
19,Stanley Phillips,2/12/1973,Male,murfuh@gimpi.ye,Sukil Square,Vojzivda,OK,35124
20,Ollie Roy,7/1/1986,Male,kukeb@wofwiej.pt,Daru View,Edfihvem,WA,13196
21,Ernest Collins,10/2/1979,Female,fe@najagepa.bf,Doliz Circle,Uduzivo,MS,42253
22,Hattie Rogers,11/11/2003,Female,cov@simuh.org,Diwez Point,Jutidhe,WV,11165
23,Pauline Jackson,4/14/1973,Female,sajgi@doc.id,Peeta Manor,Azabacol,NY,07579
24,Garrett Bowen,2/2/1978,Male,radjoc@nubaez.cy,Wuhat Circle,Vehasa,NV,21160
25,Erik Tate,1/14/1970,Male,tenecepus@mu.dk,Avana Road,Gezivunul,AL,03685
26,Hilda Castro,1/8/1960,Male,hasiga@gujevoem.gov,Parfe Key,Onlifvi,ID,20155
27,Alberta Clayton,4/17/1990,Female,buma@mat.cr,Okko Square,Sotnowwet,ND,40516
28,Shane Rodriquez,6/13/1998,Female,doh@muobbuf.ps,Hivis Pass,Wojiglev,GA,40554
29,Allie Patrick,6/5/1971,Male,wu@elozimu.bm,Ezguf Key,Tukunnob,ID,45614
30,Cecelia Patton,7/19/2001,Female,coziaru@li.it,Bomsep Lane,Obifoglac,MS,85703
31,Nathan Carson,10/11/1995,Male,riduc@codoc.nl,Delbuk Point,Tujida,TX,53657
32,Chris Rios,7/9/1978,Female,siubi@donja.no,Nira Heights,Coronigul,AK,14676
33,Glen Hardy,7/2/1991,Female,ci@vidu.cr,Isudu Center,Ifrudluj,OH,66370
34,Sallie Day,2/12/1962,Male,ujiamvur@rifaobi.id,Buop Turnpike,Okehobuj,OH,43912
35,Augusta Thomas,10/28/1964,Male,jiso@ojfiw.sa,Bilbim Heights,Dajeczug,TX,21883
36,Helena Barker,12/17/1974,Male,cun@zotji.gq,Suor Park,Butiju,NH,90351
37,Hannah Potter,3/27/1960,Female,fiji@pa.ss,Mateb River,Wapucno,WY,78100
38,Eva Duncan,1/11/2000,Male,hofsa@zivese.cz,Uwuwe Trail,Hekevfa,AK,74241
39,Dustin Medina,2/19/1979,Male,wu@gi.no,Fato Way,Nobneuga,NV,21431
40,Theodore Buchanan,3/8/1982,Female,vede@nagaf.la,Avgi Manor,Razakci,WA,19783
41,Cynthia Scott,10/16/1958,Female,utulapkoz@emo.pe,Isfok Junction,Boefco,OK,00392
42,Derek McBride,8/23/2002,Male,afemicit@holbut.eu,Zedud Heights,Diecitom,AL,20691
43,Barbara Lee,1/26/1986,Female,kijcusij@tungi.sa,Gartaw Square,Nuledlaj,WI,41181
44,Nora Bailey,7/22/1960,Female,doknezup@hi.pm,Wemo Pass,Deccuevo,OH,29580
45,Nicholas Olson,5/20/1967,Female,cozi@vufutoov.be,Tetiv Trail,Rahitac,AL,22190
46,Jeremiah Estrada,1/14/1969,Female,lococ@fahu.ki,Cepo Glen,Nolugauke,AR,64546
47,Nathaniel Morris,10/27/1989,Male,zop@zemavpi.ck,Gibuge Junction,Jejefgam,OH,19994
48,Don Russell,2/22/1970,Male,kava@fume.mn,Laffa Trail,Avamiopi,KS,42412
49,Eula Morrison,10/24/1981,Male,ekam@fatsir.ie,Mukosa Trail,Mizefojal,MA,51935
50,Evan Graham,12/9/1978,Female,oca@pajogede.pw,Kigi Center,Hivronat,DE,47889
51,Mina Mullins,9/5/1982,Female,mawdudop@mazuwdek.ug,Tojebi View,Kezivcaj,MT,70303
52,Daniel Collier,9/16/1974,Female,dadiluzu@bureeko.ye,Ohiisa Street,Soktoif,OK,63132
53,Gussie Peterson,5/28/1996,Female,guc@ukjeac.al,Tenwob Heights,Vurasug,AR,75943
54,Derek Vega,5/8/1980,Female,uk@ma.com,Faigu Court,Remwezta,NY,75434
55,Olive Tran,12/10/2002,Male,ibe@sofgaup.mg,Mokji View,Resehlat,WV,09794
56,Bernard Barton,8/21/1995,Male,mi@boci.gl,Ecaju River,Ipuhopef,NJ,70550
57,Marion Cook,3/16/1978,Female,vo@ehuud.mk,Tuiw Junction,Ekizovkol,NM,44434
58,Linnie McKinney,4/29/1963,Female,sa@rizabo.gov,Kipu Place,Osevubip,AR,72339
59,Claudia Maldonado,3/13/2000,Male,agjohaj@hef.gs,Zarfav Heights,Odiagaub,OR,30611
60,Susan Roberson,3/31/1987,Male,padeb@pa.np,Hate Plaza,Evaniban,OK,71996
61,Rhoda Ortega,2/9/2005,Female,faju@ce.nl,Zegad Way,Ibiniko,HI,53168
62,Devin Williams,6/22/1973,Male,gowe@gavefkag.hk,Jiume Key,Ocuirce,TN,81372
63,Gordon Abbott,9/11/1999,Female,mu@wotutnot.za,Ihihu Way,Edsituv,NE,70892
64,Raymond Wise,4/21/1999,Male,ibisoce@anjijo.nz,Dunun Park,Orikamre,TN,94222
65,Ruby Price,10/24/1994,Male,pefsevuf@lushe.kr,Uliwu Park,Ukawaun,GA,63925
66,Jayden Lane,6/20/1972,Male,ergor@fupacwej.th,Filos Point,Uwhewfis,TN,92453
67,Linnie Silva,8/10/1984,Male,wisul@fu.hk,Ihwog Trail,Zeblitoke,TN,11625
68,Frederick Anderson,10/26/1965,Female,kanej@ziswev.bj,Sonig View,Vavvilduj,ME,12508
69,May Green,8/31/1983,Male,uke@ru.dk,Hihijo Ridge,Ahuveldi,GA,77364
70,Tillie Warner,4/15/1963,Female,isrok@ularanor.rs,Dugfej Circle,Cotfaba,UT,27012
71,Luis Foster,9/18/1988,Female,fed@zireol.dj,Rilpav Key,Hulobe,MN,63891
72,Nellie Walton,11/14/1972,Female,am@cen.si,Juzja Point,Ijmesza,MO,56666
73,Fannie Ford,12/26/1970,Female,ibje@ho.tn,Nuovi View,Zazmafaw,HI,14218
74,Agnes Paul,9/7/1983,Male,zuwa@ciwadit.bm,Suega Grove,Tolgelu,CT,03096
75,Lou Silva,3/29/2002,Male,izu@alohunos.py,Murzev Pike,Evpesru,MT,55443
76,Mayme Moreno,8/28/1990,Female,lusowoz@eki.tk,Nopo Square,Mibauh,TX,92203
77,Jack Gardner,6/26/1965,Female,wanaglir@railuiw.hn,Gaer Court,Ifhoho,AL,34083
78,Juan Young,10/9/1974,Male,juf@nuj.lu,Also Mill,Mesiskin,NC,65715
79,Estella Graham,1/8/1960,Male,fecra@lufhop.kp,Wewvo Trail,Walugaf,TX,53064
80,Pauline Alvarado,9/25/1965,Male,norif@edwose.mz,Suzdow River,Ehfije,OR,62218
81,Francisco Graham,10/13/1982,Male,moze@ak.ye,Bova View,Garatuub,UT,73167
82,Sophia Singleton,1/19/1971,Female,juh@guviwo.nl,Diboh Pass,Tanerbi,OR,51811
83,Cecilia Powers,8/10/1984,Male,tiosu@awjo.kr,Juiv Turnpike,Najcuvwev,IA,08499
84,Adrian Thornton,5/7/1970,Female,cu@niz.cy,Ejouz Trail,Cogjoan,NM,93805
85,Terry Schwartz,10/28/1981,Male,pukano@mocikoeli.lc,Utovil Key,Jolazido,WV,92717
86,Lettie Davidson,11/4/1998,Female,zico@fienalu.bw,Dapgop Street,Zahheimo,NH,80298
87,Kate Gonzalez,7/1/1961,Female,sofunuwob@ij.bz,Peha Mill,Uhikogci,AZ,14873
88,Lena Wilkerson,2/15/1964,Male,lepcapaf@id.tl,Bomvos Point,Tokmame,NV,55636
89,Charlotte Ellis,2/8/2005,Female,likun@ukori.ky,Meric Glen,Zeudap,IL,89153
90,Henrietta Olson,9/27/2000,Male,te@hosafa.net,Ubeelo Highway,Kuecacuw,AZ,04530
91,Frank Wheeler,4/17/1972,Male,cisosma@higlij.ua,Wije Ridge,Avivhub,VA,45919
92,Adeline Lee,6/15/2004,Male,et@nuj.ws,Pepev Court,Nahtawo,ME,04884
93,Miguel Ballard,2/14/1979,Female,de@bed.om,Rabad Circle,Lerriri,OH,47855
94,Troy Long,10/18/2000,Female,carogo@maz.gs,Ohpuj Grove,Linjeut,AL,24795
95,Alberta Jenkins,4/14/1998,Female,tuukawew@focuwu.sh,Semna Terrace,Nuvovro,HI,75055
96,Leroy McCoy,3/19/1991,Female,fe@map.cx,Aleci Place,Cidelzim,SC,38010
97,Maurice Greene,5/2/2002,Male,edozifi@ruj.gp,Vufo Street,Jubdarpab,MO,41960
98,Joe French,10/29/1987,Female,wudidu@ha.cg,Utwo Key,Ganuchoz,TN,40786
99,Joel Rose,10/22/1959,Female,befsigapa@wos.re,Muwte River,Okinubu,VA,49602
100,Jeffery Fowler,4/9/1969,Female,ahi@zehata.sr,Kico Way,Raregojo,CO,96656
