seq,name,birthday,gender,email,street,city,state,zip
1,Steve Payne,11/30/1998,Female,goci@uvizo.tz,Adla Grove,Majzuskav,UT,49234
2,Mamie Daniels,6/8/2004,Male,gem@ef.bm,Bomgik Mill,Luspedroz,MO,82461
3,Marie Atkins,10/21/1987,Male,uzunup@ce.st,Owoda Pass,Vissaici,KY,85514
4,Willie Cole,1/25/1992,Male,azipanod@baufaike.fi,Rojej Trail,Lukbavaw,VT,32812
5,Mason Willis,6/30/1962,Male,um@ecoz.gi,Cuka Street,Ideidnah,IN,94380
6,Shawn Morgan,10/31/1972,Male,apaujaub@dive.ba,Hiwga Circle,Akovicu,VA,70922
7,Hester Cummings,5/9/1980,Male,cibpip@rej.st,Orauw Junction,Baozmur,ID,12778
8,Randall Boyd,9/15/1975,Female,sakhucus@husbumzed.zm,Focu Ridge,Unmuwe,RI,50079
9,Landon Snyder,6/2/1995,Male,ohoaduib@uce.bv,Ufbun Road,Hecdighol,PA,14609
10,Chase Flowers,5/11/1959,Female,fusicoz@muguk.gn,Huke Drive,Regrissa,DE,29460
11,Sara Murray,12/28/1982,Female,velip@kot.th,Rojog Manor,Pusazduv,GA,48011
12,Pauline Huff,4/5/1959,Female,umumos@notus.cw,Rodzek Manor,Luzmiwdif,TN,08930
13,William Herrera,9/8/1989,Male,ganzokoj@lub.mh,Uveabo Place,Warala,SC,74637
14,Lois Gonzalez,6/22/1987,Male,pepsaazo@kawseg.in,Neja Ridge,Vugfobe,DC,81720
15,Mario Figueroa,11/6/1964,Male,hip@revum.pe,Meppuv Ridge,Tivosud,VA,94065
16,Philip Garza,7/10/1977,Female,voatohag@vo.mu,Sagse Loop,Itkodo,AR,29181
17,Chris Farmer,6/3/1984,Female,gi@pu.gs,Kesa Square,Ovocado,MN,46604
18,Lillian Andrews,2/19/1992,Male,pi@sogacsa.ht,Vomu Street,Pizamoj,NE,02241
19,Ollie Wood,12/26/1984,Female,hiatik@va.gm,Zivfaw Avenue,Imgabapa,AR,01890
20,Lawrence Bishop,4/14/1964,Male,pimcew@peehaib.zm,Cikig Park,Hehefol,RI,36935
21,Lina Moody,11/11/1981,Male,cimijdu@kugpuwow.sm,Juvca Drive,Nakiulo,AR,21886
22,Luke Cross,4/25/1996,Female,naosco@vigow.iq,Lutjop Plaza,Pojazaitu,UT,91996
23,Keith Mann,4/22/1967,Female,kiz@lanha.bj,Saene Avenue,Ibniefa,MS,15694
24,Josie Lyons,3/4/1976,Male,puoc@pourare.sd,Vegu Key,Zomkutviv,OK,29069
25,Alvin Leonard,2/28/1982,Female,ulci@ud.ng,Hucfet Grove,Loiswa,CA,13529
26,James Lyons,5/4/1962,Female,osilah@osoh.fr,Deztab Boulevard,Hamoemo,TN,70387
27,Minerva Jefferson,5/9/1997,Male,suhnetog@mutcemo.gp,Peaz Road,Ahgiva,VA,85850
28,Jason Lynch,10/8/1990,Male,rewfun@ekaelu.cd,Nozci Mill,Mazihoj,NM,31054
29,Adrian Stanley,5/3/1988,Female,net@joosi.bj,Copfe Turnpike,Ihehofi,TN,50145
30,Hannah Bryan,1/31/1981,Male,ivosaid@iziapive.org,Ilzo Pike,Ewropno,FL,39672
31,Theodore Bradley,8/3/1965,Male,sen@wez.io,Nufmi Parkway,Newupdi,MS,34322
32,Joshua Goodwin,4/30/1970,Female,kewa@ucku.gf,Nijir Heights,Wowagwih,TN,07420
33,Marguerite Wagner,5/14/1974,Male,pik@sihuk.bn,Jarmu Road,Birkete,IL,52492
34,Viola Johnson,6/4/1995,Female,uvi@zoffif.gb,Sanlag Lane,Buzhubfo,CO,76813
35,Oscar Richards,7/5/1968,Male,reebof@fubal.tz,Jomfu Drive,Puicca,WV,91892
36,Nina Owens,1/20/1984,Female,davfar@talugsa.tj,Joiru River,Aggevpij,UT,37144
37,Clara West,11/17/2002,Male,wu@lanbo.sx,Nacom Turnpike,Peenvet,ID,32123
38,Mittie Allison,6/23/1962,Female,cas@tervukbe.ax,Efcam Way,Nuwwabe,CA,84065
39,Herbert Wallace,10/7/1962,Female,gavuz@uwu.pg,Zefri Way,Sacvizvog,NH,34287
40,Marcus Padilla,4/2/1994,Female,kuuw@ri.tc,Timov Pike,Hupuset,MO,22978
41,Sarah Schneider,11/6/1979,Female,nesiw@kefoud.kp,Koap Mill,Coczuce,NC,54197
42,Hallie Tate,12/27/1990,Female,gibeja@se.fm,Lego Terrace,Tiozlej,AK,39392
43,Derrick Sims,2/13/1967,Female,ecuvuwro@haz.gr,Sesfoj Mill,Biwubof,ME,79595
44,Maria Malone,12/17/1985,Female,ikuvufec@bailiva.ci,Emegi Grove,Bitufopu,ME,66839
45,Myrtle Smith,9/16/1958,Male,fud@rajuw.bn,Duba Junction,Tonajes,DE,80532
46,Adele Tucker,7/7/1988,Female,elozati@ze.gy,Funba Mill,Alfelvo,WV,74958
47,Leila Pena,10/12/2004,Male,womekamal@ereovhon.nu,Bebo Trail,Bufradi,ND,71509
48,Terry Larson,12/19/1970,Female,ov@juj.kh,Miwnel Boulevard,Idorovvu,LA,20144
49,Fanny Mitchell,1/22/1993,Female,tohnofni@can.st,Usuugi Extension,Icojohe,MN,91849
50,Esther Gonzales,11/4/2004,Male,ukeijbo@du.kn,Ralvo Junction,Ufkail,MT,99136
51,Hallie Maldonado,6/14/1971,Female,cir@ze.kz,Johbu Street,Volvacol,LA,19913
52,Nell Carr,8/26/1966,Male,gajaci@maorupuc.do,Pijofa Plaza,Kavbamuc,HI,34413
53,Jean Valdez,8/19/1995,Female,odagovlop@kisan.im,Sifi Street,Gaerwis,NV,82836
54,Lucas Taylor,11/7/1981,Male,judi@nahi.vg,Joses Heights,Agfelrif,VT,52675
55,Austin Lewis,2/16/1959,Female,bitucome@evatehka.hr,Vonka Grove,Nolrabe,FL,42372
56,Billy Malone,7/3/1982,Female,bahihu@picakziv.ee,Ralli View,Gircuav,CA,45181
57,Eleanor Huff,7/19/1959,Female,aj@susujcug.by,Dohba Park,Vofguki,SC,43188
58,Angel Chavez,2/15/1968,Male,ojejowu@derohme.ki,Hulis Junction,Lajwoune,TX,22962
59,Bradley Guzman,1/30/1983,Male,sum@sugtomosu.mx,Jakapa Way,Imadujbow,ID,65320
60,Jack Burns,6/24/1987,Male,hazoge@wew.kn,Doznu Loop,Mizgoloc,NJ,30056
61,Bruce Delgado,6/22/1977,Female,bukvervo@ku.gg,Ezme Loop,Lehuic,KS,98796
62,Claudia Hawkins,2/9/1959,Female,voecok@namozbo.tz,Pipo Key,Mezukon,MS,02384
63,Ethan Rowe,5/14/1994,Male,el@jup.net,Lawana Manor,Bapelu,AL,48180
64,Lloyd Newton,9/30/1968,Female,bi@ojoaddo.lt,Wuov Trail,Baspuhnu,UT,77979
65,Manuel Fowler,4/16/1973,Female,zi@boson.st,Kogzat Path,Hifuzo,ND,26265
66,Edwin Haynes,4/30/1961,Female,lu@suv.ca,Bihe Avenue,Nofkoba,WV,23825
67,Nell Daniel,10/21/1959,Male,dupfu@wahi.iq,Wosis Circle,Gutehpi,NC,87615
68,Edith McCoy,3/2/1990,Female,ejvah@geebe.wf,Maiv Path,Liphasjek,KS,74092
69,Frank Swanson,10/2/1989,Female,nu@degca.lr,Mihof Way,Zaewosoh,KS,47192
70,Caleb Delgado,2/23/2005,Female,hocmehig@jeblu.tz,Fako Manor,Luguvze,NE,46598
71,Seth Ball,12/3/1982,Female,aw@juna.jo,Ekeduf Glen,Bahvaove,DC,38590
72,Mathilda James,12/7/1973,Female,dapgehon@ozavun.pn,Boez Point,Rinbuhnac,GA,03363
73,Virginia Ramsey,10/6/1991,Male,melipufoc@nu.sh,Okhag Place,Goboila,TX,78084
74,Verna Hubbard,7/16/1979,Female,vimjuj@musba.so,Fudezi Junction,Diffehki,NY,13021
75,Violet Roberts,10/12/1999,Female,gez@fukuno.cv,Dopul Pike,Evurabo,GA,61695
76,Myrtle Ramos,4/2/1977,Female,lomir@barzi.lc,Nulfat Turnpike,Asokuwoc,MT,40856
77,Carrie Soto,8/5/2004,Male,zag@alo.va,Pobol Place,Lozlobu,MA,42226
78,Mabelle Moss,12/12/1959,Male,so@vitlam.lu,Lesa Heights,Ubufuso,WV,73639
79,Francis Reynolds,11/5/1978,Male,bozervuv@asa.mo,Nucoz Terrace,Heunheh,WA,60592
80,Violet Armstrong,12/5/1989,Male,wot@bovrorto.lu,Boapa Place,Tizcishib,OR,17691
81,Joseph Freeman,7/7/1985,Female,ukzed@jopaniz.mr,Pemem Pike,Feuwooza,WA,69744
82,Lilly Barrett,3/12/2005,Female,hennerke@ketektu.sc,Serin River,Gopila,MD,52823
83,Carolyn McLaughlin,12/8/1993,Male,vekir@ohudo.tr,Zobako Junction,Kulita,MT,45450
84,Luis Maldonado,5/5/1984,Female,sobce@cilumlor.gh,Gasbi Boulevard,Jihojeda,OH,56779
85,Violet Townsend,12/11/2005,Male,jesol@puzadoeki.bt,Rogner Plaza,Owworfo,MS,99127
86,Juan Jones,2/1/2001,Female,rafheg@cev.an,Juza Pike,Pinotu,LA,50458
87,Daisy Ramirez,12/3/1985,Male,zi@dugo.kz,Cuntal Pike,Hugilak,SD,88446
88,Manuel Nunez,8/14/1982,Male,bewtukuv@lus.zw,Lejga Way,Kamzusij,WY,62322
89,Chester Williams,6/19/1990,Male,zom@laperic.gq,Simig Pike,Sudaevi,FL,18923
90,Roxie Hunt,4/26/2004,Male,gosane@buoci.ge,Ikjok Key,Ikeojmov,ND,60425
91,Nell Peterson,2/7/1976,Male,tida@olpuwsu.gg,Voena Road,Ijaubasez,OR,31382
92,Willie Edwards,5/16/1986,Male,cuta@uti.om,Luje Point,Rotjidde,DE,32796
93,Charlie Santiago,4/30/1972,Female,poz@ikij.cm,Roji Manor,Kalkipa,KY,69319
94,Jerome Cook,7/13/1991,Male,ropok@cohgot.al,Dupi Street,Jowomu,AK,76284
95,Caleb Jimenez,1/23/2002,Male,vokuwlav@kurec.ie,Digeb Glen,Cuzrili,MI,23378
96,Louis Dixon,7/20/1974,Female,peg@visbuus.dm,Govhod Square,Tenuguvo,ID,29231
97,Carl Pope,9/4/1980,Male,pinojpi@aweipo.bi,Podumi Grove,Duanpi,AZ,93183
98,Lillian Chambers,7/28/1968,Female,voleoha@hebanacu.ao,Uropud Glen,Diwomlir,CO,29660
99,Randy Roberson,7/31/1960,Male,jibioza@vi.ga,Kiuc Parkway,Larcuzo,SC,67129
100,Blake Gilbert,10/4/1993,Female,zablom@nu.fk,Duru Lane,Hicdihum,OR,93776
